vgg16,vgg19,resnet34,resnet50,densenet121,densenet169,inception_v3,inception_resnet_v2,efficientnet-b4,efficientnet-b7,class
-0.2073102,0.0077501405,14.265654,4.9574585,-0.08290266,-0.010345298,0.116785645,-0.18782204,-0.0331017,-0.34607366,1
-0.1268817,0.10857113,-2.3485944,-3.5443237,-0.0656105,-0.114628136,0.043045104,-0.18924946,-0.047587,-0.3462078,1
-0.18186224,-0.07765354,-12.267255,-7.9409685,-0.08547549,-0.050920147,-2.851154,-0.18257454,-0.032629035,-0.34610283,0
-0.31980532,-0.12460956,-9.527566,-5.460045,-0.08165152,-0.066714734,-3.608854,-0.18912748,-0.03235341,-0.34580377,0
-0.35811642,-0.07542628,12.235671,10.729517,-0.091476455,-0.105861135,3.6995885,-0.18960515,-0.033603884,-0.346136,1
-0.41537452,-0.19247152,-12.602379,-6.7359457,-0.06390484,-0.143519,-2.7165332,-0.18733805,-0.056575395,0.22241475,0
-0.13667835,-0.01940596,-12.682578,-4.791608,-0.08257864,-0.032241914,-1.4180505,-0.18409887,-0.048489727,-0.34611163,0
0.009816295,0.01912819,-7.814449,-4.3613462,-0.08191482,-0.06848623,-2.260121,-0.18718088,-0.03585075,-0.34610677,1
-0.12232835,0.042165536,12.869081,3.6075833,-0.075876676,-0.031209799,1.9292376,-0.18304268,-0.033747554,-0.34614572,1
-0.21584347,-0.08475755,10.5438385,-2.85434,-0.0150726475,-0.17328216,2.4133117,-0.1825377,-0.06403947,-0.34604555,1
-0.07072334,0.072343186,-10.0670595,-4.5905056,-0.0789457,-0.028005527,-1.1953737,-0.18995541,-0.037691124,-0.34610772,0
0.0041447785,0.04203436,-11.654048,-4.5875025,-0.08241001,-0.060964532,-2.539415,-0.18911797,-0.048603915,-0.34589276,0
-0.5925637,-0.30391112,6.7155175,8.946625,-0.08149929,-0.08212769,-4.8362694,-0.18400338,-0.026224889,0.048443507,1
-0.3484274,0.097708955,-11.447008,-6.897297,-0.054989774,-0.09829487,-1.7285569,-0.19169912,-0.05806128,-0.34622654,0
0.55946,0.1595025,9.929082,2.8936176,-0.07314464,-0.048415132,1.1719182,-0.18511987,-0.04514519,-0.23754051,1
0.028524747,-0.16579385,12.690836,6.2078724,-0.07998052,-0.01871073,0.5508971,-0.18731293,-0.029083885,0.6817107,1
-0.7049345,-0.16256139,-12.947558,-9.000381,-0.09161388,-0.12158711,-5.69251,-0.18424568,-0.05906927,0.10232404,0
0.021972364,0.11385511,14.466252,9.2020235,-0.07758199,-0.06325179,3.0645564,-0.18565547,-0.038073123,-0.34609428,1
-0.7716605,-0.11583063,-12.24395,-8.3491335,-0.07350994,-0.1301772,-3.706136,-0.18703946,-0.04941664,-0.34610674,0
-0.20756817,-0.049718063,-13.783531,-3.8051164,-0.08622744,-0.013504463,-1.6031659,-0.18620202,-0.042390607,-0.34605908,0
-0.11981749,-0.001510022,-11.081417,-6.277869,-0.07741711,-0.009957827,-1.7858101,-0.18752044,-0.03408461,-0.34610873,0
-0.090384655,-0.003948791,10.04974,0.53155696,-0.083246276,0.026574245,1.559758,-0.18240198,-0.030052207,-0.3461547,1
-0.38244942,-0.10420033,-16.457539,-6.85252,-0.042032488,-0.13511549,-2.5282805,-0.18706644,-0.047541447,-0.3455952,0
-0.31085965,-0.07074264,-10.2759905,-5.14213,-0.08090552,-0.0010331373,-3.049106,-0.18669128,-0.041134797,-0.34604964,0
-0.082056455,-0.0007497051,11.421018,3.079951,-0.082480125,0.026972776,2.6082954,-0.1850284,-0.045897983,-0.34612757,1
0.095466055,-0.106996775,-13.343549,-7.434796,-0.025383135,-0.14508437,-2.031195,-0.1871033,-0.059135616,-0.3463609,0
-0.1306825,-0.012306197,-10.683013,-4.51186,-0.084446535,0.0014485207,-1.1999955,-0.1834223,-0.04786215,-0.34610114,1
-0.11697856,-0.0070874523,-12.303654,-5.602377,-0.08095676,0.00125754,-0.72028327,-0.18338409,-0.053105153,-0.34607777,0
-0.12811078,-0.020960597,-13.573094,-2.5208564,-0.08861178,0.0053483597,-2.7825062,-0.18865597,-0.0513905,-0.34609935,0
-0.6879828,-0.29699966,-11.527535,-5.9546165,-0.06051191,-0.19273733,-5.347703,-0.18937269,-0.054020986,-0.30100152,0
-0.05451427,-0.04862633,17.635908,9.908933,-0.09125047,-0.07527526,2.0090954,-0.18647003,-0.046291523,-0.31052116,1
-0.092086755,-0.0027571747,-10.017122,0.42176566,-0.0815759,0.016683979,-1.5681142,-0.18470192,-0.046447314,-0.346114,0
0.24286476,-0.0680697,14.081564,6.8952727,-0.0017078149,-0.25044587,1.3633343,-0.18810084,-0.041178904,-0.24453333,1
-0.09095488,-0.0031345913,-9.691188,0.6490542,-0.08208215,0.020795444,-0.5455883,-0.18822896,-0.035802297,-0.34613946,0
-0.15131173,-0.08585687,-15.254284,-5.7979665,-0.07748092,-0.08452886,-5.891383,-0.1831007,-0.03504709,-0.34596837,0
-0.044245776,0.0971497,-9.698032,-6.024352,-0.080791496,-0.093239926,-2.445232,-0.18496224,-0.042478018,-0.3461097,0
-0.09740635,-0.006550355,12.440199,0.64140195,-0.08269451,0.015562759,0.89502454,-0.18684345,-0.04102339,-0.3461363,1
-0.1571656,0.028369563,-3.570118,-5.6442327,-0.08424694,-0.052092478,-1.5063765,-0.1878458,-0.039826386,-0.34611863,0
-0.31818345,-0.14747992,12.547497,4.038484,-0.04681527,-0.18803766,6.4364424,-0.18763408,-0.029359818,-0.036165442,1
-0.11548246,-0.018094135,9.367313,3.1655214,-0.0859678,0.00781509,2.0452507,-0.18940938,-0.046636052,-0.34614852,1
-0.16933654,-0.24175608,12.295134,11.381025,-0.07255098,-0.049624678,4.044754,-0.1867679,-0.027309485,0.39011756,1
-0.12807369,-0.022665052,16.048796,7.0235147,-0.08361803,-0.016162464,0.39671594,-0.18626171,-0.043288045,-0.34611446,1
0.258167,-0.2247639,11.323074,12.078745,-0.014684927,-0.14294662,4.588956,-0.18118125,-0.05390393,-0.34548274,1
-0.38558686,-0.088514775,-11.040436,-4.5990763,-0.08847949,-0.12300787,-7.380734,-0.19075587,-0.050171353,-0.15231685,0
-0.12918927,-0.009709863,-12.0553055,-5.016131,-0.08656663,0.018058864,-0.8873712,-0.18724027,-0.038293473,-0.3461292,0
-0.33261123,-0.044327345,12.714514,12.787678,-0.08406178,-0.038428094,1.3297933,-0.18796045,-0.046585895,0.42180333,1
-0.8046102,-0.41982904,-14.010262,-7.920603,-0.015996864,-0.19174162,-2.638,-0.17901835,-0.030646406,-0.34621784,0
0.056803558,0.13496403,16.702124,6.217532,-0.07991452,-0.06383933,2.4986665,-0.18461585,-0.048292123,-0.3460922,1
-0.18822528,-0.025520978,-2.8341854,4.4567122,-0.064804755,-0.1540286,-0.24498516,-0.18539223,-0.051601425,-0.3462855,0
-0.13178596,-0.18262166,-12.662658,-7.7643685,-0.07129512,-0.1338534,-2.5836422,-0.18627703,-0.03556975,-0.34316686,0
-0.08777141,6.026239e-05,10.917316,0.9963544,-0.082011744,0.02140739,1.1865548,-0.18263385,-0.042073525,-0.34612465,1
-0.10809944,-0.0069778394,-11.812494,-3.9711502,-0.083898135,0.015810417,-0.7508522,-0.18682355,-0.042796873,-0.34606755,0
-0.7934412,-0.23343794,-14.025816,-8.637383,-0.08913026,-0.183092,-8.707563,-0.18762639,-0.041847482,0.07603688,0
-0.8538547,-0.24364294,-4.953363,-2.671355,-0.049291525,-0.12681438,-1.0872633,-0.18751809,-0.04981582,-0.34198213,0
-0.7531692,-0.14844605,-14.864639,-7.827013,-0.07488488,-0.051468287,-2.0940535,-0.18788996,-0.044886418,-0.3200411,0
-0.2442902,-0.011760397,9.574608,6.3759637,-0.07195543,-0.06325832,0.14597827,-0.18293926,-0.041248225,-0.34606233,1
-0.2358988,0.058401454,-13.420525,-6.370101,-0.08947111,-0.019810526,-3.0133507,-0.18249524,-0.05879768,0.12936561,0
-0.43130907,-0.203251,-12.9141,-0.72014636,-0.06690297,-0.089404285,-2.6924245,-0.1847291,-0.058110602,0.43700728,0
-0.575496,-0.24647738,-13.487401,-5.774185,-0.052017212,-0.089887075,-2.4871137,-0.18926668,-0.029822685,-0.34603247,0
-1.1722455,-0.66421527,19.56997,6.874372,-0.00837915,-0.23927669,3.8511822,-0.18394673,-0.025471203,0.079256594,1
-0.8261887,-0.28779897,0.12517372,5.479502,-0.029523106,-0.20808871,0.7218997,-0.18668222,-0.050251126,0.009914452,1
-1.3387319,-0.44548902,-10.755297,-4.6270623,0.03005694,-0.35058707,-1.9257563,-0.18385473,-0.07333998,0.822696,0
-1.2590445,-0.3629376,-15.92362,-6.818275,-0.029702062,-0.1645583,-5.4145937,-0.18466452,-0.048660435,-0.10059833,0
-0.47275868,-0.3936045,-12.437785,-7.02299,-0.022269122,-0.20196441,-4.505227,-0.1877833,-0.06657823,-0.31528834,0
-0.68768966,-0.122878745,-10.03763,-8.119905,-0.083102696,-0.012127741,-2.799361,-0.18175068,-0.05156801,-0.2003291,0
-0.7144544,-0.074681595,-10.547598,-6.725176,-0.07852133,-0.03527674,-6.0653095,-0.18567136,-0.029247157,-0.07804593,0
-0.50887877,-0.10764128,-11.651968,-2.6937058,-0.08274284,-0.050312843,-4.0657215,-0.16233909,-0.028986357,-0.34410512,0
0.10083959,-0.04724523,17.90944,7.829896,-0.07157895,-0.07972682,2.8042314,-0.18494877,-0.056295022,0.41227356,1
-0.9750444,-0.3602452,-13.746394,-4.4536524,-0.030496432,-0.17864703,-3.097673,-0.1867635,-0.040774554,-0.1980626,0
-0.4017698,-0.07666096,-10.290152,-6.186631,-0.06267371,-0.061476078,-3.3556027,-0.18652618,-0.03879199,-0.34620735,0
-0.3736866,-0.08191925,7.56755,-0.7287069,-0.07627898,-0.07998342,-0.6007639,-0.18770057,-0.038884602,0.31735656,0
-0.21662948,-0.0026522407,-18.979645,-2.5006797,0.0024546103,-0.24016325,-2.890444,-0.18439758,-0.05336667,0.12388278,0
-0.35141647,0.06720643,11.335524,8.736679,0.0071537364,-0.30858722,2.1680787,-0.17956248,-0.06817068,-0.12385874,1
-0.9992737,-0.4339222,-10.976989,-3.8402321,-0.013372034,-0.212743,-5.507421,-0.17291638,-0.0679379,-0.009590551,0
-0.88493675,-0.46318153,13.730837,4.8523893,-0.0044984818,-0.23504019,5.0645223,-0.18937442,-0.06256908,-0.17292991,1
-0.28036937,-0.046001744,-10.247096,-4.762266,-0.082338475,-0.01688681,-2.4854364,-0.18440121,-0.038941577,-0.3460595,0
-0.7040146,-0.17373733,-12.34951,-6.8113546,-0.047170773,-0.16762412,-2.9116104,-0.18484247,-0.043248042,-0.34576592,0
-0.3815022,-0.11920096,-14.8358555,-5.8195944,-0.071736746,-0.09937754,-2.0276697,-0.1851758,-0.039247498,0.49059907,0
-0.4660423,-0.3379722,14.34789,5.6737,-0.021571098,-0.19987658,2.6906097,-0.18324903,-0.023837432,-0.21684308,1
-0.86074024,-0.18762797,-0.34651256,-7.2775292,-0.06141583,-0.10220933,-1.9252267,-0.1866306,-0.03759972,-0.3099702,0
-0.34656504,-0.23169722,10.963823,8.68787,-0.03343299,-0.1762138,5.778873,-0.18912873,-0.028088354,-0.06260738,1
0.05537075,0.010988878,-11.219877,-6.398997,-0.08115259,-0.059873868,-3.4774537,-0.18464431,-0.037532784,-0.34609,0
-1.1493745,-0.47435108,14.193635,4.2219195,-0.031432267,-0.1862495,4.0554433,-0.18798253,-0.056512356,-0.2854867,1
-1.0570606,-0.621053,-13.771107,-9.198025,0.007578481,-0.21877539,-5.329656,-0.18349925,-0.013246073,-0.31007168,0
-0.96154356,-0.5401067,0.06389552,-1.0124123,0.018905306,-0.28906918,2.0191534,-0.17782903,-0.054873593,-0.30225214,1
-1.0974754,-0.5506315,-16.732374,-9.112251,-0.023941362,-0.22603177,-4.1452417,-0.1874229,-0.036603622,-0.3350584,0
-1.0798097,-0.42325827,-10.415112,-5.634678,-0.015121179,-0.20162523,-2.632873,-0.18711731,-0.067197435,-0.23352866,0
-0.80345803,-0.34157082,-11.555716,-8.512388,-0.06753341,-0.082052596,-5.3381414,-0.18706286,-0.04678192,0.45329198,0
-1.0671337,-0.66383624,-9.835739,0.2841973,0.005125981,-0.22344276,1.0481069,-0.18577671,-0.052785434,0.18465379,1
-0.7263524,-0.52387136,13.38131,7.6553817,-0.03838545,-0.16750339,7.4020166,-0.18953273,-0.046466462,0.2219889,1
-0.5521544,-0.2610325,-4.3496575,-6.1609354,-0.02121081,-0.17393035,-2.0606468,-0.1856943,-0.04739491,-0.23092052,1
-0.022705095,-0.030568374,-0.03855911,-6.117608,-0.09006587,-0.088975094,0.6026801,-0.1868442,-0.025556855,0.10375468,0
0.01876164,-0.009008316,9.23931,7.5825047,-0.08604924,0.0061867884,1.7043457,-0.15505865,-0.044136383,-0.34612206,1
-0.36889437,0.064765155,13.410378,4.117344,-0.0028368647,-0.23264042,3.4557498,-0.18705878,-0.044862688,-0.22295979,1
-0.44727743,-0.13270377,14.052822,3.33451,-0.020014888,-0.21787934,4.9515142,-0.1875101,-0.04625719,0.16415395,1
-1.0921249,-0.51647866,13.357155,4.919533,-0.028827759,-0.16877827,1.2777967,-0.18663439,-0.06305794,-0.27177826,1
-1.3114139,-0.5556285,6.119656,-8.769781,-0.035724755,-0.17218676,-3.3276331,-0.18652779,-0.04966539,-0.10393652,0
-0.9997203,-0.664076,3.839602,-3.9464836,0.008397331,-0.23650306,0.8747138,-0.18908435,-0.06823981,-0.3250462,1
-0.6860018,0.039689694,-15.391574,-3.532627,-0.016493605,-0.18627128,-4.0258517,-0.18841323,-0.054664202,-0.08559725,0
-1.022723,-0.2159622,-10.944145,-7.0400786,-0.07474614,-0.17703143,-10.755583,-0.18207055,-0.06293509,-0.3050606,0
-1.212346,-0.55941623,-12.446522,-4.6563435,-0.019674953,-0.19183174,-4.2497663,-0.18853459,-0.06248703,-0.34580526,0
-1.0710744,-0.36864808,13.366393,2.8380554,-0.024524106,-0.1838827,0.9183928,-0.18062106,-0.036846384,-0.21802515,1
-1.3043329,-0.6097764,3.271997,-1.226709,-0.014457094,-0.18710221,-0.90943134,-0.15334806,-0.049922273,-0.30820057,1
-0.9124029,-0.3202227,-13.16094,-4.4873905,-0.03514868,-0.14172015,-4.2218313,-0.18858594,-0.045433387,-0.30992222,0
0.10393327,0.026951583,11.746223,1.8768735,-0.083969556,0.01732239,2.0584946,-0.18615818,-0.04472135,-0.3461253,1
-0.4317847,-0.05017067,-9.963831,-7.8842735,-0.08865774,-0.05270708,-1.8271755,-0.16939414,-0.04355344,-0.34612498,0
-0.26747373,-0.03671656,9.496732,4.934252,-0.07278632,-0.05073161,0.9472735,-0.1871537,-0.067179814,-0.25864667,0
-1.3313993,-0.67124933,16.06396,-1.2123898,0.0019006578,-0.26139003,0.46547723,-0.16452023,-0.048198603,0.18454194,1
-0.3979484,-0.06820084,-13.05558,-7.518936,-0.08568207,-0.049571954,-3.8910356,-0.18390015,-0.03994246,-0.34620193,0
-0.3983982,-0.05744269,12.664869,8.069024,-0.07492721,-0.021353154,2.360475,-0.18560353,-0.03913013,-0.3461397,1
-0.8299087,-0.6247779,14.671722,5.460448,0.026359003,-0.23927447,1.767198,-0.18756998,-0.039824925,0.10644064,1
-0.95970017,-0.38651028,15.079259,7.1597667,-0.018910913,-0.22174582,6.4070396,-0.18554237,-0.042103544,-0.20926422,1
-0.24623495,0.0047857035,19.111132,1.7130696,-0.08715386,-0.07553311,2.8160512,-0.18907106,-0.039974175,-0.34612033,1
-0.93204427,-0.35626388,5.7118573,4.899936,0.011945218,-0.23815912,-0.57955533,-0.18955284,-0.036982983,-0.29985973,1
-1.1440631,-0.579231,-11.361472,-3.4345796,0.002355039,-0.22088413,-4.9695187,-0.18574241,-0.026187293,-0.11229473,0
-1.0925511,-0.33035943,-12.332819,-8.929032,-0.023175038,-0.2308974,-2.226054,-0.18907332,-0.03928414,-0.33551818,0
-0.46626604,-0.05014732,-9.789603,-4.1394377,-0.08032473,-0.04605833,-3.8020408,-0.18221995,-0.04111848,-0.3461112,0
-0.13709372,-0.2424312,11.251815,6.4211926,-0.020900369,-0.1412298,2.5172932,-0.18770972,-0.06443347,-0.07748065,1
-1.1956314,-0.33919975,14.113155,17.674711,-0.03647374,-0.1348246,2.1525395,-0.18443301,-0.035505764,-0.30250084,1
-0.5302284,-0.08247486,18.644506,4.1816516,-0.08166522,-0.03689229,0.59915054,-0.18646553,-0.039324902,-0.34610617,1
-0.8582211,-0.2918521,17.228025,2.9496796,-0.036307767,-0.14159572,5.416686,-0.18443692,-0.037917383,-0.34635767,1
-0.50767887,-0.24649069,11.290005,5.855905,-0.028409248,-0.16610728,5.7487297,-0.18733028,-0.044474535,-0.32656857,1
-1.1700515,-0.29172418,16.120787,-0.28344074,-0.05122304,-0.11171574,3.664449,-0.18824542,-0.047972314,-0.34630838,1
-0.4337876,-0.07317354,-10.635747,-5.9024067,-0.08326433,-0.015320933,-1.1504772,-0.18786538,-0.045805007,-0.34409574,0
-1.1190987,-0.44910643,-22.225561,-4.026988,-0.011383096,-0.18046926,-4.967098,-0.18724957,-0.060498394,-0.2590662,0
0.09653775,-0.38630396,17.440275,13.453286,0.00068274117,-0.2462883,6.9178977,-0.18803853,-0.078549646,-0.17830673,1
-0.6030273,-0.22040264,2.5518112,1.2981576,-0.00848965,-0.23834091,3.9410708,-0.18591207,-0.07275177,-0.17043078,1
-0.42482,-0.037067946,-12.775799,-5.323451,-0.077146396,-0.009421173,-1.6098424,-0.1858519,-0.043002933,-0.34611627,0
-0.5244307,-0.015472157,-12.717974,-3.842228,-0.065765664,-0.051526863,-3.0405648,-0.18834537,-0.04782755,-0.34635806,0
-1.0572958,-0.50660866,10.121782,-1.3937227,0.013652725,-0.29475957,-1.4099174,-0.18588662,-0.046399005,-0.03486224,1
-1.089972,-0.33756927,-14.093346,-7.155738,-0.003622059,-0.25405526,-3.9319193,-0.18582335,-0.03097143,-0.32927963,0
-0.111006714,-0.031442236,-11.93923,-4.849324,-0.087313145,-0.034697663,-1.1668515,-0.17652234,-0.047718026,-0.24201769,0
0.0035606825,-0.116313174,13.667196,6.2332726,-0.08647328,-0.04011235,3.9679701,-0.18815887,-0.045185633,-0.1194813,1
-0.668254,-0.19579458,-13.224552,-5.3922086,-0.019279959,-0.21959546,-3.767638,-0.18446478,-0.056073107,-0.13056934,0
-0.3491784,-0.030586211,15.295357,5.5632367,-0.08783937,-0.045274664,1.4207782,-0.18940738,-0.046824418,-0.3461196,1
-1.2908176,-0.52193856,-12.187414,-9.183187,-0.031390984,-0.16166408,-4.1260405,-0.18622175,-0.0578193,-0.34487692,0
-0.4356042,-0.23798127,37.080383,12.55468,-0.0125211645,-0.20851013,4.3202205,-0.18486485,-0.037909396,-0.1413376,1
-0.9210564,-0.6239493,-11.716236,-6.1040916,0.010779103,-0.23878913,-3.6284363,-0.18798473,-0.051456995,-0.3396138,0
-0.20044245,-0.09035306,16.997644,7.0116024,-0.08343175,-0.11418164,4.135779,-0.1876683,-0.046464704,-0.010030437,1
-1.0412341,-0.5783229,12.520595,1.7575952,-0.03313942,-0.1461701,3.0340452,-0.19065931,-0.030000158,-0.11982043,1
-0.43960673,-0.3133128,-14.042889,-4.9995346,-0.07148214,-0.09313553,-6.977355,-0.18555507,-0.053055957,0.3811263,0
-0.5623041,-0.08278854,-10.933945,-7.4190254,-0.07814925,-0.014065131,-2.027595,-0.18214226,-0.04360296,-0.34607032,0
-0.3718256,-0.7049954,11.253708,10.390102,0.035751738,-0.2745998,6.281102,-0.18668315,-0.048762776,-0.0394317,1
-1.196317,-0.6913525,15.192569,8.046967,0.001358425,-0.1997999,6.111266,-0.18516609,-0.05248066,-0.33738258,1
-1.0503732,-0.42969608,-17.063318,-4.5762877,-0.030230464,-0.17116794,-2.7630923,-0.18829912,-0.048224844,-0.33829403,0
-1.0296012,-0.7212072,20.633093,2.9375846,0.0031532866,-0.24070168,5.1788526,-0.18473533,-0.04916858,0.4994636,1
-0.62757844,-0.0862591,16.773283,5.2662735,-0.03731652,-0.12906428,4.092151,-0.18708473,-0.025329046,0.11071033,1
-0.12455908,-0.04301792,9.582472,5.344268,-0.08640279,-0.015905755,2.7200055,-0.18589136,-0.043976195,-0.34608015,1
-0.41766438,-0.40609655,16.30417,7.869238,0.0035982782,-0.21951029,2.320147,-0.18571064,-0.043235876,-0.2387869,1
-0.15024182,-0.08318505,-9.467995,-7.6764727,-0.060650576,-0.06527428,-1.5203153,-0.18201992,-0.044037335,-0.34620145,0
-0.2850495,0.015644418,-9.617341,-5.8336353,-0.07636268,-0.06509598,-4.4941654,-0.1881803,-0.023849346,-0.34609705,0
-0.9173639,-0.34849796,10.738853,9.151228,-0.026907008,-0.1702002,3.4153764,-0.18571144,-0.06633855,0.16492994,1
-0.651811,-0.19134948,-8.254431,-6.251398,-0.079789855,-0.16219205,-5.9542356,-0.17590272,-0.053168505,-0.09962761,0
-1.3540286,-0.5664662,18.022581,-0.15124556,-0.0006527605,-0.23944718,3.7673886,-0.1842505,-0.06642463,-0.26177177,1
-0.52667266,-0.07534073,10.522823,8.99776,-0.074828155,-0.061049994,2.9049797,-0.18514973,-0.029532172,-0.12966958,1
-0.39734095,-0.0813829,-11.741926,-5.2240353,-0.08240017,-0.012731246,-1.6527852,-0.18520251,-0.055962637,-0.3460705,0
-1.2168554,-0.542617,2.1058402,2.713499,-0.022972697,-0.16012499,0.049900472,-0.18583009,-0.039079323,-0.27513272,0
-1.6982334,-0.54947084,-15.257869,-8.7260475,-0.015488721,-0.18732788,-4.2890706,-0.18430978,-0.049170062,-0.27067405,0
-1.258914,-0.48018846,-10.922211,6.7188625,-0.034238767,-0.21007317,2.1020992,-0.18813732,-0.029455759,0.13481423,1
-1.0094622,-0.2830628,4.6919894,0.10189478,-0.03296652,-0.15723193,-1.5154631,-0.18617877,-0.02918668,-0.21233979,1
-0.73861426,-0.03270736,-15.023172,-6.082285,-0.055023022,-0.08625082,-1.0522273,-0.18749973,-0.04928387,-0.3460801,0
-0.09685407,-0.017861826,15.723387,9.628603,-0.05396722,-0.19278875,5.695936,-0.18503338,-0.05395966,-0.19102848,1
-0.17114666,-0.01041293,14.867479,8.226904,-0.075448364,-0.115393765,3.1163013,-0.18413034,-0.055714555,-0.34612688,1
-0.47683838,-0.10299635,-13.809459,-8.2241,-0.07422678,-0.062405054,-4.3665724,-0.18726388,-0.05449617,-0.34614348,0
-0.6260318,-0.11848049,11.302837,5.9179683,-0.034702275,-0.15434879,1.694014,-0.19027632,-0.062374458,-0.31173474,1
-0.8425494,-0.3184575,11.034173,8.1617365,-0.011805607,-0.19152111,2.3351345,-0.13530388,-0.042997546,-0.30769137,1
-0.5474908,-0.16912179,14.759619,2.9697483,-0.039052017,-0.18640387,7.348342,-0.18362164,-0.062954314,0.29924256,1
-0.669695,-0.15292822,-15.421751,-7.034366,0.00058297603,-0.24283993,-3.4015863,-0.18625945,-0.033014156,-0.09804513,0
-0.9242086,-0.40619174,16.795788,4.594814,-0.046832636,-0.16761911,3.7209961,-0.18751156,-0.028731897,-0.031895638,1
0.042204026,-0.11005549,13.021973,8.15929,-0.07641309,-0.08715296,5.082813,-0.18597245,-0.041427426,-0.0583011,1
-1.065754,-0.4682356,-12.08075,-4.551873,-0.017649159,-0.15824808,-5.596489,-0.18809995,-0.058216028,-0.25578395,0
-0.7645375,-0.29748818,-16.599356,-5.255462,-0.010909559,-0.21692857,-3.3904517,-0.18485373,-0.034363292,-0.018579423,0
-0.054409917,-0.05249047,9.957333,11.445753,-0.08515052,-0.048082285,1.9511908,-0.18495584,-0.0424705,-0.34592918,1
-1.2541608,-0.53467435,-10.995262,-7.886925,-0.04619237,-0.13093074,-6.951149,-0.18464932,-0.054504417,0.21585475,0
-1.0572635,-0.45649168,-14.646282,-4.4475293,-0.028169515,-0.15936296,-5.0048237,-0.1826827,-0.05711437,-0.3409581,0
-0.65744156,-0.13766994,-10.541498,-7.571626,-0.08563286,-0.15477145,-7.6574364,-0.18921775,-0.05056668,-0.34608537,0
-0.37216327,-0.01135291,14.876816,5.4240437,-0.030141635,-0.16163123,6.2175784,-0.18298513,-0.05981598,-0.3456083,1
-0.2779081,-0.09609491,-13.871324,-5.886174,-0.0835948,-0.078838095,-2.2885845,-0.18709058,-0.051903494,-0.3460739,1
-0.5826858,-0.16211095,15.68973,4.9397473,-0.027071536,-0.1345185,2.2216008,-0.18046457,-0.037919782,-0.34631598,1
-0.086576365,-0.0124485325,-8.260245,-5.3479586,-0.0834269,0.012566161,-1.9687058,-0.18684956,-0.049820885,-0.30768505,0
-0.52867323,-0.01034048,-9.06116,-6.1430483,-0.07543681,-0.061093476,-2.8006825,-0.18246356,-0.049169578,-0.34615153,0
-0.015536362,-0.08363609,-12.496339,-2.2470212,-0.08799334,-0.106288835,-4.0595083,-0.18778193,-0.050612107,-0.34608984,0
-0.95702636,-0.25175378,-10.240711,-4.762329,-0.037770055,-0.16251126,-4.4152975,-0.18615541,-0.04240682,-0.34422174,0
-0.759199,-0.5095524,-13.188508,-7.8257422,-0.029090663,-0.22911896,-5.2693443,-0.18892297,-0.023309365,-0.3162066,0
-1.024466,-0.4582226,-12.596249,-7.4427767,-0.077273086,-0.13674131,-12.427469,-0.18677905,-0.047764085,0.31610873,0
-1.0217949,-0.639893,16.414368,7.3613214,-0.033122547,-0.16440038,3.8345835,-0.18639895,-0.033263274,0.12506616,1
-0.69719154,-0.24672371,-5.0874896,-2.799427,-0.026723418,-0.17028004,-1.3706391,-0.18617064,-0.032212175,-0.34575543,0
-0.00097639323,-0.2677998,20.13764,10.40984,-0.020074422,-0.14923778,4.400136,-0.18530944,-0.032931186,-0.31321853,1
-0.9211047,-0.27624503,-12.796254,-6.574003,-0.05128989,-0.09754893,-2.371711,-0.18585435,-0.04972539,-0.34622207,0
-0.38614342,-0.06856935,-4.922664,2.3830879,-0.08234722,-0.022217525,-0.66799915,-0.132572,-0.05314385,-0.34618875,0
0.20382908,-0.066680014,11.751616,5.383965,-0.08129851,-0.05513492,3.3542268,-0.18074635,-0.03894654,0.22676061,1
-0.42115062,-0.38404784,15.540358,33.803986,0.004206769,-0.22125533,3.3278096,-0.18933079,-0.043776028,-0.28536972,1
-0.12962024,-0.04029381,12.319452,8.2828865,-0.08134501,-0.07617398,3.3422647,-0.18639913,-0.03085991,-0.32674035,1
-0.64238006,-0.15172936,14.800826,6.739884,-0.005975114,-0.18541867,2.4087803,-0.18715304,-0.03540971,0.04020269,1
-0.62791127,-0.1611963,-13.194465,-7.2151537,-0.072583444,-0.056778338,-1.8077059,-0.18535542,-0.05847978,-0.3462805,0
-0.74629253,-0.09903051,-15.126559,-6.5350466,-0.06315695,-0.03953899,-2.2478747,-0.18334734,-0.040429972,-0.34623763,0
-0.5262144,-0.12685841,12.6780815,2.2315567,0.013848456,-0.26526827,5.194279,-0.18661016,-0.055682987,-0.321655,1
-1.078506,-0.37215504,4.135862,0.05356652,-0.03835869,-0.13059725,-2.0413315,-0.18832341,-0.032330208,-0.34559286,1
-1.2701243,-0.5793419,-13.788425,-7.426017,-0.0192122,-0.18437243,-8.372453,-0.18666643,-0.042648897,-0.15485868,0
-1.2076663,-0.59632903,-13.256498,-9.054287,-0.029761823,-0.15884744,-4.690365,-0.18744236,-0.025827572,-0.03610305,0
-0.9641702,-0.24991807,-13.030627,-5.670771,-0.0683058,-0.086777195,-2.0074522,-0.18575817,-0.055604376,-0.34582502,0
-0.585772,-0.10985085,-14.176048,-6.006739,-0.07725335,-0.025322428,-2.243309,-0.18355498,-0.057044804,-0.15013462,0
-0.7716701,-0.1909947,-14.261103,-7.104347,-0.041636903,-0.19115248,-1.7953905,-0.18944785,-0.04392843,-0.30842084,0
-0.8669188,-0.38935986,-12.611867,-6.7492247,-0.013773123,-0.18664622,-2.9558203,-0.18668777,-0.04890368,-0.2816959,0
-0.89690787,-0.13450205,-5.0252166,6.992936,-0.07147955,-0.056637947,0.078454375,-0.1860196,-0.067144796,0.10678022,1
-1.0754138,-0.59964716,10.227371,-6.93574,-0.0040065013,-0.22989307,0.6831421,-0.18706992,-0.030948877,-0.13344502,0
-0.013497749,-0.08459209,-6.8854547,1.4735305,-0.086308174,-0.11057779,1.0931875,-0.18501487,-0.062024273,0.1278544,0
-0.5137894,-0.047686454,10.321861,5.7880583,-0.07711896,-0.023650875,2.6072197,-0.18569025,-0.05614301,-0.3460742,1
-1.2217864,-0.5079058,-2.795803,-4.7938337,-0.0016487839,-0.23455325,0.13106334,-0.1878303,-0.055508554,0.20448694,0
-0.41297275,-0.11132538,13.842788,12.372181,-0.09004647,-0.09348058,6.906787,-0.188809,-0.035609014,-0.012546174,1
-0.6773332,-0.2067292,17.80676,4.7280445,-0.03059605,-0.13739944,1.1552105,-0.18680266,-0.05505225,-0.3462256,1
-1.0011479,-0.565349,14.344804,4.4668927,0.017701104,-0.29731178,6.764559,-0.18418711,-0.031321295,0.16717803,1
-1.0995563,-0.43646213,-9.890551,-9.297554,-0.029312922,-0.17846723,-3.649088,-0.18875083,-0.05883707,-0.34483227,0
-0.60922617,-0.16537653,-17.657078,-4.066553,-0.012759982,-0.24109852,-2.8338425,-0.18879655,-0.05783064,-0.15739565,0
-0.30404368,-0.016584499,-13.671067,-7.8660617,-0.08967217,-0.02767302,-1.9733309,-0.18253323,-0.050940573,-0.34356022,0
-0.7401105,-0.465915,15.572464,9.656549,0.007672714,-0.2452431,4.5331616,-0.1855317,-0.058842532,-0.33117875,1
-0.03522859,-0.07739636,-11.234727,-7.1981754,-0.07794557,-0.032067593,-3.5203598,-0.17058676,-0.030370153,0.49272123,0
-0.3347065,-0.022990583,14.828653,-0.4250259,-0.07799203,-0.021297647,1.7504244,-0.19102764,-0.045194156,-0.34607264,1
-0.84035283,-0.19062373,-12.853511,-5.284437,-0.02008324,-0.19337893,-2.6962292,-0.18427941,-0.032868974,-0.058328275,0
-0.89633393,-0.44095042,-13.5949955,-5.441393,-0.025991913,-0.16634226,-3.4215572,-0.18480101,-0.038473286,-0.3139778,0
-1.1749808,-0.48165318,-12.576824,-6.949871,-0.035581253,-0.11664806,-3.7746496,-0.18491074,-0.06749341,-0.34591296,0
-0.2528772,-0.068094075,14.004534,9.289581,-0.06741801,-0.07945036,0.40796003,-0.18499172,-0.044050187,-0.3463767,1
-1.3718315,-0.65592873,18.017483,2.369714,-0.018331503,-0.16609631,1.6447451,-0.18842036,-0.04042282,-0.34364828,1
-1.2663268,-0.5295379,-16.937788,-4.918523,-0.0071182866,-0.244234,-3.65791,-0.18909049,-0.050470747,0.5821917,0
-0.80986816,-0.14958668,-10.944436,-5.5713906,-0.041981455,-0.13339195,-5.7212505,-0.18901005,-0.03595925,-0.26280415,0
-0.39129153,-0.04084712,-11.700362,-4.8167667,-0.082655385,-0.025446577,-2.2136414,-0.18620872,-0.04185345,-0.3460622,0
-0.58416915,-0.2826401,13.145542,6.840389,-0.020779602,-0.1981017,1.7239034,-0.18415228,-0.03679938,-0.29951867,1
-0.5508184,-0.6082743,16.224417,5.4384646,0.005123399,-0.24974507,9.219221,-0.18022573,-0.0520247,0.12637591,1
-0.7599123,-0.8161454,23.79165,6.285059,0.03491152,-0.28147724,5.78969,-0.18494332,-0.036793835,-0.013168715,1
-1.0484031,-0.44768688,11.937374,2.28668,-0.019299166,-0.18941534,3.0717814,-0.18701485,-0.050251834,-0.34207517,1
-0.9286685,-0.35429236,17.686865,14.086596,-0.0034499394,-0.24719478,4.531283,-0.1845161,-0.05623328,-0.2350969,1
-1.4323745,-0.44159642,-10.735884,-7.573645,-0.035583183,-0.12860382,-5.359997,-0.18516478,-0.061089523,-0.28406397,0
-0.31951714,-0.15123485,12.141889,6.1500354,-0.052785803,-0.09983135,3.207826,-0.1787993,-0.030328594,0.76564544,1
0.10045102,-0.13026574,14.649296,18.368551,0.050815843,-0.3527169,9.760811,-0.1862585,-0.022359006,-0.16214718,1
-0.14375056,-0.010521961,-10.067976,-3.7522256,-0.08258977,-0.0034357074,-2.699286,-0.1836462,-0.062095575,-0.3461221,0
-0.13575922,-0.044500183,11.675716,7.816637,-0.07776732,-0.091678396,1.3456097,-0.17766124,-0.053200886,-0.3425353,1
-0.07599106,-0.0352167,10.793768,9.134697,-0.08868167,-0.009575325,2.308445,-0.17025211,-0.041705474,-0.34614328,1
0.3093064,0.046493907,-10.708384,-3.359913,-0.08498734,-0.091544025,-7.1240673,-0.1867918,-0.03302654,-0.0665478,0
-0.43374744,-0.366227,16.048405,12.638625,0.0025097148,-0.27619523,5.110017,-0.18525526,-0.040628202,-0.12961975,1
-0.85585153,-0.3561364,-13.556801,-4.5287313,-0.025479065,-0.21298105,-7.891856,-0.187294,-0.03150717,-0.10998698,0
-0.52719134,-0.21470839,-10.220435,-4.3414044,-0.037135474,-0.16139725,-5.05569,-0.18458664,-0.049752228,-0.07935809,0
-1.4096183,-0.67337,-10.509784,-3.0021317,-0.008138891,-0.18505599,-5.3919725,-0.18138084,-0.019044168,0.03758933,0
-0.8854766,-0.38642505,2.3647346,-2.9194617,0.010350727,-0.23920274,-3.0743606,-0.18633842,-0.03946548,-0.13064538,0
-0.114847206,-0.004174767,12.340248,2.72282,-0.07625545,-0.017434182,0.59084374,-0.17464218,-0.046177313,-0.34616026,1
-0.8110786,-0.24082698,-15.149505,-6.175576,-0.05149944,-0.16088864,-4.249055,-0.18401265,-0.04664083,-0.31453615,0
-0.3444465,-0.08600567,-11.046552,-10.789919,-0.089202896,-0.08898061,-4.626158,-0.18965036,-0.03522586,-0.345979,0
-0.70630187,-0.4353194,-13.3682995,-4.892233,-0.026694799,-0.20426463,-5.308217,-0.1848996,-0.048498683,-0.34220794,0
-0.25282913,-0.043996137,18.300459,9.90316,-0.0873797,-0.055487026,4.9457827,-0.18607613,-0.030463733,-0.058365542,1
-1.1023446,-0.34528753,-11.602089,-5.5575676,-0.044561528,-0.12791024,-3.7988074,-0.18809676,-0.0426184,-0.34584418,0
-0.87501127,-0.44774625,17.76288,8.514713,-0.04699222,-0.112913795,6.0356593,-0.18644789,-0.050715424,0.28268513,1
-0.7039959,-0.07180205,-11.794963,-7.9822993,-0.080099985,-0.116357155,-5.982642,-0.18585119,-0.059930585,-0.33323848,0
-0.97651154,-0.54724866,15.488068,3.643707,0.0068061687,-0.27145,4.6855087,-0.18531671,-0.04998006,-0.26667446,1
-0.31176147,0.010514306,-10.699496,-6.036443,-0.083394796,-0.05105321,-5.712739,-0.18539989,-0.03580422,-0.054885544,0
-0.58025104,-0.10084252,11.0531025,1.8061842,-0.08168521,-0.052317426,-1.5421742,-0.18441674,-0.04393252,-0.26496726,0
-1.3043722,-0.4605388,-13.6499,-8.712713,-0.032784797,-0.15569144,-3.2607422,-0.18218502,-0.045628928,-0.34053972,0
-0.7461112,-0.11837223,-10.10904,-7.3877506,-0.08284526,-0.06842437,-4.835609,-0.18950054,-0.042931654,-0.34603992,0
-0.7881309,-0.38469318,-13.749458,-4.9294868,-0.03896305,-0.124131694,-3.5390918,-0.18578345,-0.029310323,-0.22546947,0
-0.4096917,-0.10862045,4.956877,10.7025585,-0.02113142,-0.15296826,0.93337446,-0.1892561,-0.04972764,0.017306227,1
-1.1567005,-0.3417629,13.942204,7.8689213,-0.035536304,-0.22958016,4.241987,-0.1840258,-0.057797186,-0.31914917,1
-0.16657244,-0.1435974,12.013768,6.6750736,-0.070987605,-0.098011054,3.4192326,-0.18381396,-0.041715167,0.40379998,1
-0.6462036,-0.4877942,15.38656,7.2304416,0.033254195,-0.22562703,4.414106,-0.1876331,-0.05567167,-0.1073975,1
-0.2393066,-0.16818984,-11.078506,-7.090889,-0.065569825,-0.066693276,-3.117173,-0.18812698,-0.04636181,0.010605957,0
-1.111186,-0.5645232,14.818147,9.082497,-0.036786545,-0.13000366,7.4102182,-0.19031817,-0.050007865,-0.17988388,1
-0.102020346,0.02240582,-1.845772,0.5326323,-0.08047019,-0.05492922,-1.1777433,-0.1810148,-0.036601864,-0.34569207,1
-0.91788405,-0.2467488,-1.3911757,1.2873218,-0.035808153,-0.1250821,-0.8674789,-0.18844545,-0.03470303,-0.34628853,1
-0.28906325,0.025581704,-10.425701,-2.0038643,-0.05446864,-0.0891645,-0.57888764,-0.18584478,-0.023608051,-0.34635505,0
-0.14074254,0.006590085,-9.145367,-5.923931,-0.08606794,-0.019593017,-3.2270138,-0.15706491,-0.03259953,-0.012465727,0
-1.0469831,-0.79143655,-10.813267,-5.8173485,0.04486575,-0.26714894,-4.0913954,-0.183449,-0.06426581,-0.24150056,0
-0.8824287,-0.4372924,6.628032,-0.9786509,-0.0023210759,-0.24379893,4.495627,-0.18736824,-0.042646058,0.008557532,0
-0.8408869,-0.38087782,14.6128235,5.5737424,-0.031241598,-0.1719505,5.8953886,-0.18171605,-0.056674667,0.05310907,1
-0.874134,-0.33073822,-12.694725,-8.032932,-0.044324916,-0.1104234,-2.9635708,-0.18766934,-0.02538883,0.093900405,0
-1.3968033,-0.48025098,-14.681213,-3.2011406,-0.012304425,-0.26655838,-3.6489303,-0.18639559,-0.020637646,0.04424435,0
-1.0027839,-0.25861552,-14.42507,-7.6679287,-0.052049395,-0.15212706,-2.2755075,-0.18993217,-0.028238125,-0.33998057,0
-1.3598404,-0.42813978,-17.455954,-8.505571,-0.012029039,-0.21982251,-1.9897199,-0.17289174,-0.068380326,-0.02145829,0
-1.4222823,-0.5052539,-15.112884,-5.783511,-0.02855687,-0.16458008,-2.6850574,-0.16499615,-0.044334687,-0.3446599,0
-0.80242807,-0.68445945,14.537693,4.7504826,0.023472613,-0.275615,4.399747,-0.18951249,-0.047422864,-0.33733764,1
-0.41350764,-0.028056962,13.423421,8.5942135,-0.076349474,-0.05053732,0.645327,-0.18832293,-0.04837995,-0.34614,1
-1.2530934,-0.43358645,-11.641246,-3.8596141,-0.03709235,-0.12618938,-4.624625,-0.18476483,-0.03590452,-0.3433264,0
-0.95992595,-0.4926719,-8.595535,-1.8672566,-0.02539987,-0.23371844,-0.5167886,-0.16871178,-0.037078574,-0.036473867,0
-0.43559787,-0.40909573,-3.963593,-3.8400016,-0.0170603,-0.19277173,1.024937,-0.18979499,-0.07056195,-0.19904876,0
-0.4669124,-0.052867588,12.355253,5.544242,-0.083478704,-0.036887664,3.198109,-0.16924948,-0.043671273,-0.34610566,1
-0.79722744,-0.4751288,12.228352,5.5047894,-0.029264467,-0.17124648,2.7937555,-0.1815398,-0.03874018,-0.34430382,1
-0.2352671,-0.026421426,12.816645,3.9815655,-0.083835326,-0.0052007013,1.797627,-0.18367404,-0.046260305,-0.34610766,1
-0.99288267,-0.3491122,-13.049459,-6.9321194,-0.0090857465,-0.23767814,-8.262553,-0.18620741,-0.027977556,-0.3166131,0
-0.62441224,-0.17444272,-10.570667,-4.7543736,-0.07606641,-0.000356293,-4.0060043,-0.18634573,-0.037161835,0.04079866,0
-0.6697388,-0.039940115,-13.662637,-6.6960235,-0.058683585,-0.19613704,-7.8326316,-0.18565643,-0.034221455,-0.346133,0
-0.28879935,-0.11360584,-13.196566,-2.917786,-0.08445813,-0.07211944,-4.3926563,-0.18642008,-0.028429888,-0.29174253,0
-0.7917147,-0.28799668,14.512792,2.8183026,-0.0190196,-0.21058781,1.7094162,-0.1836195,-0.03183251,-0.3159198,1
-0.15820561,-0.019640861,-11.204498,-3.3624961,-0.061087437,-0.176515,1.3358331,-0.18651533,-0.054123975,-0.032052454,1
-0.39047286,-0.1354229,-15.94417,-3.1922424,-0.0013077615,-0.2374671,-3.0391676,-0.19001868,-0.05535511,-0.07127877,0
-0.82802457,-0.43735704,18.72587,8.188702,-0.008419845,-0.23975451,4.5524554,-0.18393928,-0.06750334,-0.2071041,1
-0.69567496,-0.18080282,29.159933,4.8231277,0.0042309184,-0.31360477,7.3725767,-0.18710518,-0.050539553,0.3852507,1
-0.24841604,0.013846071,11.501131,3.2112854,-0.08105544,-0.03543203,5.938667,-0.1875253,-0.049890183,-0.34613344,1
-1.1731961,-0.54572374,30.089727,2.1450112,0.013240134,-0.25700346,4.189049,-0.18521762,-0.049195893,0.108654164,1
-1.2731146,-0.47842467,-10.904184,-7.2464943,-0.039292447,-0.16043504,-4.973134,-0.18647522,-0.032368265,-0.059580952,0
-1.0546236,-0.53213674,-13.609112,-5.492372,-0.009168142,-0.2191993,-3.19934,-0.18890294,-0.060796134,-0.34566066,0
-1.2340175,-0.47446117,11.806538,7.724115,-0.03938786,-0.13977285,4.2123303,-0.18363923,-0.05155296,-0.14930353,1
-1.0263925,-0.6322584,3.928332,1.557756,0.03156164,-0.2733776,-0.65517795,-0.1589441,-0.04507716,-0.30988804,0
-0.16920328,0.026998194,14.949751,10.91993,-0.08307687,-0.028124498,1.5362184,-0.18780133,-0.04579208,-0.34609345,1
0.22544524,0.122742504,7.1608167,2.154322,-0.08306522,-0.0011350166,2.4629214,-0.19066182,-0.03870818,-0.34617552,1
-0.9306075,-0.57545614,-1.7192223,-3.0880153,-0.0059449766,-0.21729158,-5.035259,-0.18496239,-0.063307606,-0.23755336,0
-1.2815461,-0.47102407,-14.792441,-12.597,-0.02907627,-0.23109777,-3.8397138,-0.16246113,-0.03613597,0.10875056,0
-0.66610575,-0.11197795,-11.382202,-5.806021,-0.07643774,-0.045086946,-5.0805798,-0.1878671,-0.03422582,-0.34540674,0
0.15868045,-0.24988407,-11.624067,-7.2934437,0.012964621,-0.25674915,-4.990306,-0.18734989,-0.05644562,-0.2732877,0
-0.82599103,-0.4496269,1.9427193,-1.6361662,-0.024208087,-0.1936965,-0.59732145,-0.19079745,-0.039616354,-0.037036087,0
-0.8704112,-0.106482714,17.229906,6.47888,-0.044276632,-0.21035011,4.5507565,-0.18216589,-0.02033662,-0.24705029,1
-0.41629127,-0.03585207,-12.99262,-5.2239017,-0.084986724,-0.011979858,-4.0045176,-0.18955645,-0.042800076,-0.33156985,0
-0.6394362,-0.117593616,-7.75542,-1.7405405,-0.0074082203,-0.21864161,1.4083997,-0.18326724,-0.044993393,-0.14366159,0
-0.40393656,-0.02335061,16.325499,12.342564,-0.08775324,-0.058671277,5.162229,-0.16732976,-0.038514726,-0.3460352,1
-1.0012981,-0.16857858,-10.735516,-3.8869336,-0.07746509,-0.13303775,-7.535103,-0.18848732,-0.033496447,-0.34377727,0
-0.36247832,-0.32735547,-9.719618,-3.5987756,-0.033749282,-0.12814823,-3.8975627,-0.18598929,-0.03103561,-0.34556562,0
-1.0189604,-0.3749843,-11.089918,-6.9064875,-0.042683885,-0.12530755,-2.0365314,-0.18686163,-0.051615022,-0.3459933,0
-0.7901192,-0.05888262,-14.957351,-5.514993,-0.03969637,-0.14366189,-2.547404,-0.18744338,-0.035189487,-0.23984005,0
-0.778648,-0.840136,13.338715,6.656273,0.004059065,-0.24240854,7.7641354,-0.180008,-0.030467913,0.03479488,1
-0.86153585,-0.34536958,-12.711449,-3.6211686,0.011928454,-0.31923628,-5.2489047,-0.18943098,-0.05149834,-0.14468956,0
-1.0646119,-0.5185206,-13.581839,-4.682439,-0.028085424,-0.158998,-4.4260654,-0.18682772,-0.017428577,-0.17732382,0
-0.93187827,-0.14408244,-11.825623,-6.0514855,-0.06907954,-0.048805777,-3.6426313,-0.18482661,-0.03529691,-0.34615633,0
-0.9227853,-0.12587383,-10.714376,-6.388006,-0.013971046,-0.17423032,-2.627503,-0.18615407,-0.06933499,-0.14730118,0
-0.3216753,-0.06675388,-14.499371,-3.9962013,-0.08657553,-0.077226125,-2.6473622,-0.18769023,-0.040404193,-0.3459902,0
-1.1582752,-0.42656586,18.524181,4.2634425,-0.050144173,-0.10773362,3.178896,-0.18535477,-0.041853033,-0.34646285,1
-0.65757084,-0.0044157635,-14.413164,-6.275262,-0.020203419,-0.17031938,-4.3811655,-0.18833974,-0.051635616,-0.014748324,0
-1.0643269,-0.5595956,-14.613935,-5.175955,-0.02285191,-0.17415519,-3.838864,-0.18823138,-0.05213677,-0.2479649,0
-0.28136533,-0.02418728,-12.412881,-0.40520966,-0.0862704,-0.047946427,-0.6160141,-0.19009879,-0.043240584,-0.34604615,0
-0.78031313,-0.2822552,-12.643362,-6.7850947,-0.040885273,-0.1223868,-1.3210361,-0.18032172,-0.03975088,-0.29835716,0
-0.34783924,-0.060764488,15.808146,6.65547,-0.08306141,-0.03063587,0.6278344,-0.18656173,-0.03230618,-0.34614807,1
-0.030014941,0.06486517,-11.9663925,-5.411564,-0.08018518,-0.074608475,-3.3334577,-0.18894452,-0.047807284,-0.34598544,0
0.014649203,0.10365084,16.07702,6.3513193,-0.08353541,-0.0567309,4.0665207,-0.18620345,-0.03143031,-0.34609237,1
-0.42134023,-0.03251761,-5.2558784,-2.1122863,-0.041186247,-0.14347427,0.111569166,-0.18384829,-0.06757966,-0.3464155,1
-0.3568166,0.12773225,10.113888,8.385561,-0.034050565,-0.1709775,2.5402193,-0.18550491,-0.03719452,-0.34619567,1
-0.08428656,-0.007528065,-11.91316,-0.15285975,-0.08390247,0.022664865,-0.92136407,-0.18639407,-0.04378795,-0.346104,0
-0.54222,-0.46850917,11.176521,4.2087097,-0.00963871,-0.18851265,8.971122,-0.18330869,-0.049514182,-0.0857008,1
0.09444719,0.1651755,11.687604,5.274069,-0.032354373,-0.11226092,1.3440791,-0.18530053,-0.054393522,-0.346384,1
-0.10162439,-0.0020151117,9.650532,0.5834171,-0.08495518,0.02172439,1.6106708,-0.18508586,-0.053087465,-0.3461577,1
-0.10798846,-0.058993172,10.646726,5.6902003,-0.08407227,-0.057814367,4.619439,-0.18831706,-0.05123187,-0.34607476,1
-0.6306668,-0.189819,-11.217829,-4.218485,-0.06626507,-0.11067678,-1.5761976,-0.18541187,-0.035701104,-0.3462551,0
-0.12975809,0.03732026,15.241816,1.7319056,-0.07368271,-0.051831175,0.68905425,-0.18983516,-0.034282163,-0.346212,1
-0.7838163,-0.40125796,16.806334,10.209951,0.013085033,-0.31672382,6.4933925,-0.18730456,-0.043791227,-0.0960534,1
-1.5309688,-0.4910709,-11.930597,-7.1176653,-0.010574611,-0.22955458,-1.3234177,-0.18314752,-0.044659905,-0.2684324,0
-0.51646835,0.06112424,17.049109,11.051372,-0.026328271,-0.17258692,2.8557813,-0.18773735,-0.052190147,0.067149736,1
-0.09026993,0.004396351,-9.579867,-3.7619553,-0.08387933,0.017789187,-0.8093737,-0.18800688,-0.038816817,-0.34613594,0
-0.101956286,-0.0035875717,12.703651,6.7648287,-0.07523847,-0.020679055,1.4562777,-0.18367824,-0.04606288,-0.34609228,1
-0.1885145,-0.015728159,9.05825,3.7550147,-0.082709715,0.0031443175,1.078463,-0.18417889,-0.058688402,-0.3460889,1
-0.60387015,0.002625676,-0.8351399,-0.16444099,-0.02645775,-0.23551877,1.8318267,-0.18999022,-0.05973219,-0.20822145,1
-0.23364085,-0.0250421,-3.9201088,-1.0310742,-0.088134974,-0.034257684,0.2675265,-0.18671215,-0.035016656,-0.34613094,1
-0.21362258,-0.0011383423,-11.65815,-3.8663585,-0.08261039,-0.029625537,0.5274303,-0.18645555,-0.027918555,-0.34613672,1
-0.20579089,-0.045435425,16.805433,3.097998,-0.09641384,-0.10329543,3.4955976,-0.18630722,-0.04957255,-0.11640344,1
-0.17104998,-0.093198076,-10.017758,-3.8341134,-0.08522869,-0.046819314,-2.787155,-0.17801404,-0.04105282,-0.34611863,0
-0.1643413,-0.0070942026,-13.080512,-0.78747064,-0.08060559,-0.0094258925,-1.1264396,-0.18162197,-0.042017654,-0.34606308,0
-0.16831174,-0.14741753,-11.287846,-7.7978997,-0.08078361,-0.13613254,-9.622842,-0.18719444,-0.048543967,-0.18321292,0
0.26834515,-0.31076506,16.39182,5.479129,0.00787949,-0.22251478,1.7365329,-0.18548709,-0.032291465,-0.16612133,1
-0.5282131,-0.3210582,12.674738,6.3775215,-0.0029993823,-0.19214469,0.9061691,-0.18572384,-0.044863284,-0.28082767,1
-0.042443078,0.021811755,14.658516,8.065312,-0.08654432,-0.028914502,3.0099318,-0.18698955,-0.06042599,-0.3461503,1
-0.72745085,-0.4844377,-10.941689,-8.029361,-0.019472903,-0.16093656,-3.2938938,-0.18217704,-0.04717896,-0.33805946,0
-1.0331568,-0.32110777,13.043531,4.1026797,0.0076609403,-0.32092836,2.2043738,-0.18309778,-0.040680625,0.007997396,1
-1.5450181,-0.3775179,-10.279236,-4.3409014,0.0047273375,-0.262965,-4.1904364,-0.18619448,-0.05793141,-0.030327592,0
-0.39678332,-0.04868182,15.294067,4.4917707,-0.072215,-0.078622915,1.5588135,-0.18400553,-0.040750913,-0.3463482,1
-0.6681785,-0.53744334,16.929632,9.935722,-0.013424538,-0.17992577,3.798063,-0.18725222,-0.05637037,-0.06665952,1
-0.6518748,-0.06534003,-9.610207,-6.388874,-0.06647917,-0.061267015,-1.5986056,-0.16286924,-0.03215687,-0.3464031,0
-0.74838585,-0.6185843,16.82655,2.9544642,-0.002697524,-0.23038647,2.161052,-0.18785337,-0.06963779,-0.26138076,1
-0.06517845,0.010361912,-13.449423,-5.3741307,-0.07857414,-0.057976324,-2.8552983,-0.17407522,-0.035444237,-0.34613338,0
-0.6626963,-0.21376371,-13.731041,-5.311512,-0.07675601,-0.027349306,-1.8855467,-0.17495626,-0.042468585,-0.34614378,0
-1.2403265,-0.6403428,-17.572939,-6.663374,-0.02907196,-0.15824977,-1.4726024,-0.18792784,-0.035925113,-0.33573613,0
-0.34487683,-0.04066522,-12.953925,-3.123321,-0.086670704,-0.0109402565,-2.4296887,-0.18692708,-0.037026547,-0.339385,0
-0.86647946,-0.15600461,11.301835,0.45180464,-0.02967844,-0.19606689,4.723768,-0.18587539,-0.048919506,-0.28523397,1
-0.4764344,-0.022440983,-10.846282,-5.363908,-0.079718865,-0.042097114,-0.74222016,-0.17900524,-0.04188314,-0.34611928,0
-0.32900342,0.032517914,12.00329,4.330184,-0.003473651,-0.2634225,2.8463752,-0.14419857,-0.03848908,-0.0696951,1
-1.0034662,-0.40659544,-17.575968,-8.332527,0.06839794,-0.37724623,-2.2559865,-0.18397963,-0.07257757,0.29510024,0
-0.5235062,-0.28257847,16.722574,13.771969,0.007088013,-0.29489908,7.404544,-0.18938392,-0.057860233,-0.2910247,1
-0.29679948,0.04745627,12.455191,5.1614122,-0.03287962,-0.15405394,4.7537303,-0.184695,-0.061385326,-0.021653123,1
-0.58779055,-0.06685841,-12.670444,-6.4404163,-0.084810935,-0.07559814,-3.7155669,-0.1879848,-0.05377113,-0.34605953,0
-0.83901227,-0.12696266,14.03384,2.2961533,-0.07902946,-0.065884575,0.8895417,-0.1689856,-0.048592113,-0.34610906,1
-0.3833358,-0.5199589,16.219376,1.9274292,-0.005641302,-0.2269431,1.6063063,-0.18788505,-0.05798968,-0.23805591,1
-0.6605469,-0.07092586,16.53005,5.0981975,0.020791726,-0.25729752,1.6822139,-0.18788755,-0.027579598,-0.05451684,1
-0.7233247,-0.11667363,-11.34962,-7.186081,-0.07895141,-0.074155554,-5.4765344,-0.18254066,-0.039223798,-0.34610587,0
-1.016688,-0.21934891,-14.023589,-7.133757,-0.064801395,-0.0631266,-3.148555,-0.18510026,-0.038945727,-0.3460109,0
-0.140639,-0.102185994,13.0191,3.9300342,-0.073168255,-0.035312407,1.3478854,-0.1781492,-0.062539704,0.08979012,1
-0.1978534,-0.04398371,-13.064039,-5.184002,-0.0869812,-0.023060417,-2.373214,-0.18453228,-0.063416936,-0.34584495,0
-0.18261822,-0.1980291,14.451416,5.9821353,-0.080161266,-0.1556288,14.005284,-0.18488422,-0.06911387,0.2367724,1
-0.9037954,-0.0964022,-13.0615635,-4.8942494,-0.006315872,-0.2200333,-1.6159158,-0.18858692,-0.04826808,-0.2342062,0
-0.4851075,-0.0029841342,14.816587,1.305365,-0.011291213,-0.18929635,3.2130733,-0.18622398,-0.054067507,0.56027794,1
-1.354622,-0.52495354,-12.066334,-3.977131,-0.035816014,-0.13012588,-3.5828025,-0.18492791,-0.03907334,-0.14918105,0
-1.3327657,-0.69155693,-11.437284,-7.404789,-0.017789587,-0.20725006,-5.4147186,-0.18403646,-0.049184836,0.13139929,0
-1.0297321,-0.2205038,-10.595241,-8.342447,-0.071729824,-0.090214916,-7.8247094,-0.18559319,-0.05877199,-0.34622326,0
-1.2048994,-0.40399066,1.799184,-0.9840042,0.007101191,-0.32159916,-1.7288582,-0.18907556,-0.057721324,-0.19675021,0
-0.23568057,-0.011112658,-7.40991,-3.6855204,-0.08572555,-0.027599813,-1.4141225,-0.18936586,-0.035875626,-0.052094046,0
-0.71169055,-0.26952806,6.781258,2.0290272,0.033432525,-0.30697638,0.30068183,-0.1876474,-0.06691962,-0.07942522,1
-0.8932852,-0.5629961,15.86055,8.9450035,0.009267153,-0.18389907,1.7888159,-0.18555072,-0.0632576,-0.28819072,1
-1.1840595,-0.48411304,6.160399,-0.8783552,-0.0006971492,-0.19571564,-0.41749763,-0.18665206,-0.04186704,0.008338992,0
-0.49382088,-0.07851219,-12.721445,-7.7357635,-0.08726712,-0.07706603,-4.1136646,-0.18578744,-0.027170248,-0.34612733,0
-0.8709559,-0.16622138,-14.189315,-7.314971,-0.06414904,-0.044640895,-2.5125093,-0.18255726,-0.03761512,-0.34608972,0
-0.8053747,-0.29653862,9.546452,2.3262153,0.010184934,-0.2641119,-0.18541288,-0.1865111,-0.058361925,-0.15470065,1
-0.2351191,-0.02044986,-8.232929,-4.383534,-0.08035377,-0.08381488,-2.153693,-0.1872538,-0.041269533,-0.1390722,1
-1.2622993,-0.66304183,-13.75668,-6.3297796,0.021502914,-0.25705516,-5.441108,-0.1857698,-0.0344339,0.08424991,0
-0.7524691,-0.68019074,-14.157934,-6.5979786,0.0033397914,-0.2152959,-3.4692955,-0.1878629,-0.048859514,-0.32664236,0
-0.7736568,-0.30262384,12.703697,10.8005295,-0.03552142,-0.12517439,1.5030117,-0.18845907,-0.031442843,-0.3457246,1
-0.23557052,0.057626996,-8.88961,-3.5502768,-0.039954048,-0.13808243,-2.031339,-0.1839768,-0.046836704,-0.34534642,0
-0.3835488,-0.040905546,13.237587,7.6802397,-0.08087152,-0.027329663,0.6402247,-0.18586096,-0.0640549,-0.34610727,1
-0.75727147,-0.17681485,12.100182,4.592498,0.0026153696,-0.22049257,3.1806636,-0.18845901,-0.05680687,-0.25723588,1
-0.880336,-0.31899425,-11.499859,-6.2144094,-0.010586938,-0.17577437,-2.4086652,-0.1853835,-0.06609576,-0.31261742,0
-1.0100335,-0.55546916,-12.659022,-6.031706,0.004841203,-0.2351738,-3.5477886,-0.18398184,-0.0547513,-0.34003723,0
-0.30977857,-0.5767902,16.667875,16.316843,0.02890209,-0.27005497,9.360338,-0.17619127,-0.05114142,-0.178096,1
-0.62987965,-0.4229163,14.842138,5.2866797,-0.012075426,-0.21213141,5.3744216,-0.18728042,-0.027847953,-0.250589,1
-0.5953204,-0.12834509,-1.2137178,0.9171807,-0.07428648,-0.03507126,-1.0144911,-0.18809327,-0.028478578,-0.34607947,0
-0.5369521,-0.53395575,-12.805912,-5.5005503,-0.0040083937,-0.25838682,-5.793751,-0.18745935,-0.038020067,0.15761334,0
-0.14000204,-0.058461603,-8.153065,-0.8630975,-0.08383433,-0.039290372,-0.839577,-0.15415382,-0.036548197,-0.3458574,0
-0.3481031,-0.13041839,9.262321,0.8337828,-0.06604628,-0.18088686,-1.3826118,-0.18484852,-0.05312656,0.24352044,1
-1.3213373,-0.6139025,-13.399054,-6.1859035,0.0014364345,-0.19641009,-2.1339777,-0.18712002,-0.052978717,-0.0249618,0
-0.33564267,-0.038168993,-9.60589,-8.051596,-0.08525917,-0.028434915,-3.8647242,-0.18651292,-0.06169238,-0.3456904,0
-0.84226733,-0.103677854,-8.629692,-0.828752,-0.028558182,-0.21150255,-0.19340599,-0.18715596,-0.037038326,-0.2686518,1
-0.7705125,-0.10760786,-12.552502,-4.6862884,-0.087449916,-0.06677678,-7.5546856,-0.14673302,-0.0480446,-0.12279039,0
-0.46834582,-0.042944606,14.689098,9.374988,-0.08005575,-0.084000595,2.936649,-0.062462226,-0.027121797,-0.346121,1
-1.4130641,-0.6546567,-4.35449,-7.510503,0.006769825,-0.27390832,-1.7336986,-0.18593517,-0.037814654,-0.15477258,0
0.18122251,-0.044118207,17.942781,7.8671722,-0.082751,-0.073004335,13.05525,-0.1847966,-0.03924858,1.2741727,1
-1.941029,-0.7531601,-11.265986,-8.106434,-0.015533404,-0.2185579,-4.131011,-0.18743554,-0.03164699,-0.24132839,0
-0.6947693,-0.053510528,-12.890078,-6.7931566,0.016251242,-0.28411347,-3.9222314,-0.18428683,-0.06373992,-0.2531052,0
-0.96840763,-0.55637366,13.211153,1.000131,-0.005765956,-0.21284309,4.685725,-0.17789945,-0.0459845,-0.12774932,1
-1.4488553,-0.5051,-11.17193,-5.2280636,-0.030908309,-0.1736539,-2.8831165,-0.18702379,-0.056334876,-0.2389713,0
-1.0271512,-0.31570143,6.8152685,-3.9867232,-0.06533174,-0.045297887,-1.3528621,-0.18734586,-0.047846995,-0.33212617,0
-0.919347,-0.12160149,-10.304902,-5.2790484,-0.07831814,-0.029186247,-3.5554538,-0.18265766,-0.039604582,-0.34605807,0
0.16614237,-0.026104419,11.943861,23.657291,-0.08145433,-0.033460654,5.742942,-0.18833622,-0.035920143,1.2032962,1
-0.7014064,-0.03771032,-0.30527076,1.5862521,0.004548723,-0.27026126,3.1370294,-0.18489525,-0.054696858,-0.19087306,0
-0.13921268,-0.01732543,-5.6148477,6.628583,-0.08903309,-0.006113446,0.7163298,-0.18234473,-0.04127962,-0.33449164,0
-0.5717372,-0.07654439,-13.513561,-6.032476,-0.080459006,-0.028459413,-1.750675,-0.18770605,-0.06282184,-0.3460734,0
-0.5420063,-0.036855396,15.755684,15.225899,0.0070341174,-0.22849365,4.7375083,-0.1831713,-0.07438087,-0.25233534,1
-0.628095,-0.16206367,10.718266,7.891614,-0.06680139,-0.114501595,6.3025594,-0.18720403,-0.03891068,0.21778484,1
-1.1638681,-0.5249763,15.903572,9.4576645,-0.03524421,-0.20001945,5.00991,-0.1868161,-0.031527415,0.14134547,1
-1.215011,-0.6027796,-11.991253,-6.48824,-0.022286968,-0.19470826,-5.076904,-0.18658802,-0.0459181,-0.3047428,0
-0.66496253,-0.10219045,-11.135086,-6.7064314,-0.05759798,-0.082685925,-1.8946865,-0.18510112,-0.055666514,-0.3462626,0
-1.133753,-0.5779771,-16.670897,-4.972602,0.004745638,-0.22802792,-2.0952766,-0.18423003,-0.052301593,-0.29025242,0
-0.44439325,-0.17591065,-17.019905,-7.926284,-0.08587859,-0.15760039,-4.5360427,-0.18785873,-0.051835544,-0.15253894,0
-0.47200397,-0.0681463,-17.720385,-6.919738,-0.08828851,-0.11731054,-4.530178,-0.1891382,-0.035860896,-0.34614113,0
-0.025325174,0.085103095,5.157919,1.6946245,-0.07877882,-0.081636764,-0.97126514,-0.18723914,-0.052789748,-0.27076694,1
-0.046537455,-0.09451866,-13.479586,-1.0150739,-0.08410937,-0.045375597,-2.0327299,-0.18259498,-0.052216507,-0.33617982,0
-0.7336123,-0.19013733,-14.631124,-7.3540974,-0.010903524,-0.21587598,-3.4215386,-0.18825379,-0.03928628,-0.26856008,0
-0.61590546,0.003243061,-8.75196,0.4866872,0.015902553,-0.25514325,2.6698513,-0.1840907,-0.07294691,0.3652704,1
-0.080699325,-0.020574523,-3.1150618,-0.79197115,-0.08604864,-0.0064300247,0.95055366,-0.1862118,-0.04730671,-0.3460872,0
-0.68947166,-0.32314345,10.366703,9.438702,0.00058022304,-0.2402437,0.43967068,-0.18220434,-0.035515063,-0.19726676,1
-0.906195,-0.48579553,12.161543,2.30464,0.021564025,-0.2276721,1.8458868,-0.18726978,-0.03574995,-0.13484481,1
-0.5418573,0.06358662,-11.955434,-5.519536,0.0014769544,-0.22958146,-6.1670685,-0.1885742,-0.032983072,-0.16897033,0
-0.28265068,-0.06550908,13.95248,10.739904,-0.087863706,-0.16015945,7.1364083,-0.1918917,-0.05222518,0.01783609,1
-0.24607086,-0.20399924,-11.195339,-6.074444,-0.08209074,-0.12331092,-6.8581247,-0.19083178,-0.026318304,-0.2050839,0
-0.49840575,-0.022927387,-14.478237,-4.536287,0.001409374,-0.21357276,-6.8717294,-0.18588364,-0.048674457,-0.06127047,0
-1.2817895,-0.63942254,-17.696472,-3.8593209,-0.013634693,-0.23156554,-3.8049421,-0.1863049,-0.043396078,-0.27828497,0
-1.2265853,-0.6003804,-9.064377,-2.869711,0.009482533,-0.285129,-0.41322798,-0.18941036,-0.046662144,-0.3423278,0
-0.6320173,0.03191741,-15.065014,-6.4789658,-0.04760109,-0.1381214,-1.960714,-0.18439987,-0.0454131,-0.34634885,0
-0.78063136,-0.31888407,13.207118,7.0566673,-0.0260607,-0.19160198,5.1692057,-0.18559247,-0.022389479,0.050623838,1
-0.28574026,-0.01157294,-12.659599,-7.234324,-0.075427495,-0.04754449,-4.458348,-0.18683842,-0.055124246,-0.34616113,0
-0.14686662,0.000980722,-11.83849,3.4180977,-0.056205653,-0.08499343,1.1862131,-0.18763971,-0.049202435,-0.31570575,1
-0.36026892,-0.012354774,-11.216375,-7.9738145,-0.08961857,-0.06161463,-4.033112,-0.18315083,-0.058829784,-0.34613517,0
-0.29245126,-0.022496117,-7.5449967,2.584383,-0.08369763,-0.025601646,-0.25646478,-0.18546838,-0.05156724,-0.3460026,0
-0.3394528,-0.47711408,19.707647,8.472193,-0.013604892,-0.158669,8.150651,-0.18974072,-0.032447852,0.38070455,1
-1.3231529,-0.4878144,-2.9864035,-0.3514708,-0.013923634,-0.19722113,-2.036349,-0.18500629,-0.06312012,-0.34545392,0
-0.47822317,-0.08203696,16.760021,5.909918,-0.07873087,-0.01982939,1.3194311,-0.19122463,-0.05091191,-0.3460929,1
-0.9507763,-0.34799445,-13.976703,-1.8765428,-0.052936032,-0.12745962,-2.9266834,-0.19128686,-0.06524855,-0.19508442,0
-0.082431436,-0.37580296,13.328171,1.6910385,-0.07234091,-0.007905993,1.8162756,-0.18460107,-0.033399053,-0.3461199,1
-0.4586182,-0.11351615,15.448679,5.436514,-0.08407251,-0.08994039,1.3636055,-0.18637544,-0.045659937,-0.34410813,1
-0.37165993,-0.015920086,15.680506,6.554112,-0.0016288201,-0.24841334,3.8914578,-0.17605248,-0.02639494,-0.26517797,1
-0.8856966,-0.2323114,-12.357567,-6.6892843,-0.0497023,-0.10382351,-2.1077485,-0.18258795,-0.04645457,-0.17153119,0
-0.7596902,-0.38245133,27.15071,3.2792764,-0.011567356,-0.1958736,6.980355,-0.17622069,-0.037617162,-0.28857374,1
-1.3585905,-0.4283923,-7.098937,-1.4944235,-0.044124395,-0.13641699,0.96419436,-0.18673396,-0.017105274,-0.07067803,0
-0.039165124,-0.030622622,15.039771,8.481299,0.0713129,-0.3808131,8.500824,-0.18696794,-0.026121505,0.06230334,1
-0.78830075,-0.48511103,13.403376,5.1946383,0.004784519,-0.28607276,6.276085,-0.18821695,-0.05910624,-0.21245089,1
-1.1341927,-0.18836577,-5.8695226,-7.2848053,-0.027865147,-0.16081664,-0.8912033,-0.18269372,-0.06975375,-0.33308753,0
-1.5601896,-0.64678645,-17.23552,-7.0963764,0.0074739177,-0.2524071,-2.5192616,-0.18900964,-0.04788582,-0.18591556,0
-0.92442137,-0.40521452,-10.886694,-6.933212,-0.03489668,-0.119896814,-6.702503,-0.18545169,-0.0429812,-0.17856982,0
-1.3410612,-0.6040758,-12.113243,-2.8398237,-0.017133908,-0.14814988,-1.8178163,-0.18063796,-0.04203085,-0.23858052,0
-1.3885198,-0.6025578,13.358727,2.5270932,0.012486048,-0.2627667,0.9738608,-0.18731895,-0.038127817,-0.2679402,1
-1.1906543,-0.26204857,-12.656897,-5.978418,-0.04517168,-0.1367218,-3.2391887,-0.18871093,-0.052364998,-0.34607637,0
-1.0501708,-0.37664723,-3.3776886,-0.5104578,-0.033107843,-0.13583276,-0.46354896,-0.18491852,-0.04071521,-0.29937097,0
-1.1027867,-0.556783,1.777458,-1.0473043,-0.018130496,-0.21105312,-0.2548076,-0.18732649,-0.024941944,-0.03421897,1
-0.46784827,0.020191,14.253038,18.367426,-0.016752161,-0.1895228,8.382738,-0.18210092,-0.029103778,-0.19866268,1
-0.89693147,-0.35831657,11.763087,6.025283,0.014176102,-0.27554205,1.1736176,-0.18170461,-0.048744425,0.45336607,1
-0.29027966,-0.015019907,-6.1193676,7.985299,-0.08209081,-0.031122321,-0.57233167,-0.1900678,-0.037414797,-0.34608856,1
-0.10264661,-0.04270039,12.024191,5.8669667,-0.084491886,-0.014407656,1.9162047,-0.15462571,-0.040769257,-0.34612474,1
-0.14721423,-0.07813877,-7.1417317,-5.0616226,-0.08523248,-0.08825439,-2.3470953,-0.18418121,-0.042972326,0.11278357,1
-1.1054832,-0.34347078,-13.6189,-3.9285336,-0.048336715,-0.08359895,-2.3839812,-0.18897152,-0.033894844,-0.3463747,0
-1.2561842,-0.5012007,-11.505719,-6.042251,-0.021272233,-0.19133732,-4.745934,-0.18468189,-0.031082563,-0.2723166,0
-0.4907851,-0.038914006,-11.553392,-5.217107,-0.079388104,-0.029730989,-4.386395,-0.19074446,-0.04074488,-0.29164055,0
-0.19339484,-0.040990066,-13.606009,-5.7981396,-0.084708415,-0.038475916,-3.1972837,-0.18220088,-0.04767867,-0.34606752,0
-0.88612336,-0.34571406,6.446236,-0.9076508,-0.016965153,-0.17103767,-1.1333096,-0.18208721,-0.052951567,-0.28773165,0
-0.8419766,-0.3522757,-8.9924965,-5.887349,-0.022063527,-0.14683598,-1.9094912,-0.18195117,-0.03792353,-0.20724212,0
-1.0287498,-0.20953356,-12.51288,-5.5275073,-0.06597647,-0.0681327,-3.844137,-0.18605742,-0.050249018,-0.30837467,0
-0.42099363,-0.0207054,-10.500572,-5.240234,-0.07575275,-0.042899307,-4.9869237,-0.18711528,-0.039114475,-0.34224114,0
-1.4792639,-0.63458955,-11.217861,-3.9113903,-0.027762724,-0.18434098,-6.0880375,-0.18340477,-0.018680386,-0.26447368,0
-0.5760184,-0.5618925,-14.3515215,-7.6757298,-0.014010914,-0.17793047,-4.245617,-0.18559301,-0.041284434,-0.12028808,0
-1.2644697,-0.39345667,-14.685709,-5.6070185,-0.036041003,-0.15649387,-3.9421918,-0.18061772,-0.035414554,-0.28252253,0
-0.6116676,-0.06024393,-9.987826,-5.075494,-0.08310675,-0.045613833,-2.9455154,-0.18403974,-0.04292407,-0.3456579,0
-1.0986396,-0.5931086,14.972322,3.7339578,-0.027106375,-0.15068424,2.2215748,-0.18953076,-0.06805628,-0.32421383,1
-0.7403558,-0.17243934,-5.9111047,1.9217968,-0.044134665,-0.09700389,0.14369762,-0.18227896,-0.045495994,-0.31348452,1
-0.70475286,-0.075788796,0.15327913,-2.1361854,-0.07293735,-0.035832565,-2.1392865,-0.17928904,-0.03755019,-0.3459979,0
-1.3818414,-0.41585335,-18.640827,-4.688921,-0.015486084,-0.19570707,-1.7541243,-0.18592232,-0.04741136,-0.16961595,0
-0.5904252,-0.36011,16.506004,2.9888246,-0.009253453,-0.21318632,2.3285763,-0.18374705,0.0069807107,-0.34512848,1
-0.9125182,-0.099881455,4.73079,-3.05143,-0.03998882,-0.14455575,2.4366968,-0.18631724,-0.02907274,-0.32673684,0
-0.5869801,-0.0802885,14.479141,3.7931337,-0.0024451169,-0.23587544,0.32694906,-0.18524608,-0.056204893,-0.27094296,1
-0.13761099,-0.043976303,10.422491,5.680148,-0.08325436,-0.014514602,4.233515,-0.18769339,-0.028373763,-0.34613597,1
-0.090777755,-0.014447479,9.9613,3.277912,-0.08459069,0.020674372,3.1397774,-0.18965751,-0.04414521,-0.34618345,1
-1.3081936,-0.55075467,-13.7289295,-6.8037663,0.012918521,-0.24354783,-2.5674646,-0.18946677,-0.057867102,-0.17831671,0
-1.0256252,-0.7513734,-2.6378865,-2.3202407,0.043780707,-0.30000332,2.4586658,-0.18598518,-0.051280066,-0.2453381,0
-0.3671899,-0.08568972,13.833195,10.513216,-0.0141301025,-0.17787394,11.205519,-0.1757822,-0.022712655,-0.34214014,1
-0.007726567,0.23432875,15.540872,9.00514,-0.017565038,-0.17001897,4.589792,-0.19312856,-0.032212347,0.13787693,1
